type,t,p,cohens
improvement_abs,1.708477466753302,0.04669941884743786,0.46051179498562506
normalized_change,2.756173123695999,0.004000653272947144,0.7443045176355879
smaller_variance,3.15510807609147,0.08550650395436443,
reduced_variance,8.0,0.12337662337662336,-0.7174812593605672
