type,t,p,cohens
improvement_abs,1.8004396165674617,0.03849587830719244,0.46487151005452315
normalized_change,2.978934786762239,0.002109215508032674,0.7691576545712063
difference,-1.0954381042288992,0.14950282060499634,-0.6324514843571283
