type,t,p,cohens
improvement_abs,1.7519898410817059,0.043537355412436966,0.5253771237935118
normalized_change,2.7329698080012808,0.004572491871310939,0.8225433737384185
reduced_deviation,4.0,0.025974025974025976,0.0
