type,t,p,cohens
improvement_abs_skill,2.2169789306874943,0.024310817727411033,0.8637710796493254
improvement_abs_exercise,2.1750269722265054,0.020080614155990172,0.6307815724896851
normalized_change_skill,2.2008319276559285,0.025006692236422677,0.7936696180334118
normalized_change_exercise,2.2569711718706555,0.01690683459363418,0.6231251130466943
