type,t,p,cohens
improvement_abs_skill,66.0,0.01708984375,1.0657087307674042
improvement_abs_exercise,226.5,0.01383581029818474,0.7479111794199378
normalized_change_skill,2.3905770138731426,0.017912406690070267,1.0025232242223716
normalized_change_exercise,233.5,0.005333150516727911,0.7997570292795689
