type,t,p,cohens
improvement_abs_skill,2.399954582709959,0.017617698790699587,1.0657087307674042
improvement_abs_exercise,2.465765908405082,0.010778996254356889,0.7479111794199379
normalized_change_skill,2.390577013873142,0.017912406690070284,1.0025232242223716
normalized_change_exercise,2.7674321835038125,0.005479307491725549,0.7997570292795689
