type,t,p,cohens
improvement_abs_skill,2.215798162053446,0.023395252276478113,0.8697246351463074
improvement_abs_exercise,2.2849252797709916,0.015535199041210708,0.6533178884109465
normalized_change_skill,2.122953039099747,0.027621918023587284,0.7339877784637838
normalized_change_exercise,2.19762645898367,0.01872874945017735,0.581030461245347
