type,t,p,cohens
improvement_abs_skill,66.0,0.01708984375,1.0657087307674042
improvement_abs_exercise,2.465765908405082,0.010778996254356889,0.7479111794199378
normalized_change_skill,62.5,0.024447185804043127,1.0025232242223716
normalized_change_exercise,233.5,0.005333150516727911,0.7997570292795689
