type,t,p,cohens
improvement_abs,2.2849252797709916,0.015535199041210708,0.6533178884109465
normalized_change,2.19762645898367,0.01872874945017735,0.581030461245347
