type,t,p,cohens,test
normalized_change_skill,2.306467646855826,0.019864794182798406,0.9169424238238999,paired t-test
normalized_change_exercise,264.5,0.006662382408431148,0.7410071993210687,Wilcoxon test
