type,t,p,cohens
improvement_abs_skill,66.0,0.01708984375,1.0657087307674042
improvement_abs_exercise,2.465765908405082,0.010778996254356889,0.7479111794199378
normalized_change_skill,46.5,0.02631660616572409,1.0025232242223716
normalized_change_exercise,169.5,0.007431562535646566,0.7997570292795689
